[{"country":"Albania","region":"Europe","Total energy supply":9507,"IEA member":false},{"country":"Algeria","region":"Africa","Total energy supply":12016,"IEA member":false},{"country":"Angola","region":"Africa","Total energy supply":289711,"IEA member":false},{"country":"Argentina","region":"Central & South America","Total energy supply":50880,"IEA member":false},{"country":"Armenia","region":"Eurasia","Total energy supply":479,"IEA member":false},{"country":"Australia","region":"Asia Pacific","Total energy supply":1683993,"IEA member":true},{"country":"Austria","region":"Europe","Total energy supply":106996,"IEA member":true},{"country":"Azerbaijan","region":"Eurasia","Total energy supply":4304,"IEA member":false},{"country":"Bahrain","region":"Middle East","Total energy supply":504017,"IEA member":false},{"country":"Bangladesh","region":"Asia Pacific","Total energy supply":130693,"IEA member":false},{"country":"Belarus","region":"Europe","Total energy supply":35601,"IEA member":false},{"country":"Belgium","region":"Europe","Total energy supply":108567,"IEA member":true},{"country":"Benin","region":"Africa","Total energy supply":3243,"IEA member":false},{"country":"Bolivia","region":"Central & South America","Total energy supply":255,"IEA member":false},{"country":"Bosnia and Herzegovina","region":"Europe","Total energy supply":166305,"IEA member":false},{"country":"Botswana","region":"Africa","Total energy supply":35215,"IEA member":false},{"country":"Brazil","region":"Central & South America","Total energy supply":713351,"IEA member":false},{"country":"Brunei Darussalam","region":"Asia Pacific","Total energy supply":29109,"IEA member":false},{"country":"Bulgaria","region":"Europe","Total energy supply":220714,"IEA member":false},{"country":"Burkina Faso","region":"Africa","Total energy supply":204071,"IEA member":false},{"country":"Cambodia","region":"Asia Pacific","Total energy supply":60457,"IEA member":false},{"country":"Cameroon","region":"Africa","Total energy supply":308814,"IEA member":false},{"country":"Canada","region":"North America","Total energy supply":468813,"IEA member":true},{"country":"Chad","region":"Africa","Total energy supply":116819,"IEA member":false},{"country":"Chile","region":"Central & South America","Total energy supply":264676,"IEA member":false},{"country":"China","region":"Asia Pacific","Total energy supply":94880107,"IEA member":false},{"country":"Chinese Taipei","region":"Asia Pacific","Total energy supply":1798070,"IEA member":false},{"country":"Colombia","region":"Central & South America","Total energy supply":218087,"IEA member":false},{"country":"Congo","region":"Africa","Total energy supply":71324,"IEA member":false},{"country":"Costa Rica","region":"Central & South America","Total energy supply":568,"IEA member":false},{"country":"Cote d'Ivoire","region":"Africa","Total energy supply":365675,"IEA member":false},{"country":"Croatia","region":"Europe","Total energy supply":17389,"IEA member":false},{"country":"Cuba","region":"Central & South America","Total energy supply":40,"IEA member":false},{"country":"Curacao","region":"Central & South America","Total energy supply":807,"IEA member":false},{"country":"Cyprus","region":"Europe","Total energy supply":1679,"IEA member":false},{"country":"Czechia","region":"Europe","Total energy supply":537006,"IEA member":true},{"country":"Denmark","region":"Europe","Total energy supply":46092,"IEA member":true},{"country":"Dominican Republic","region":"Central & South America","Total energy supply":67917,"IEA member":false},{"country":"DR Congo","region":"Africa","Total energy supply":1537055,"IEA member":false},{"country":"Ecuador","region":"Central & South America","Total energy supply":21085,"IEA member":false},{"country":"Egypt","region":"Africa","Total energy supply":78823,"IEA member":false},{"country":"El Salvador","region":"Central & South America","Total energy supply":14,"IEA member":false},{"country":"Equatorial Guinea","region":"Africa","Total energy supply":4735,"IEA member":false},{"country":"Eritrea","region":"Africa","Total energy supply":31462,"IEA member":false},{"country":"Estonia","region":"Europe","Total energy supply":113618,"IEA member":true},{"country":"Ethiopia","region":"Africa","Total energy supply":25498,"IEA member":false},{"country":"Finland","region":"Europe","Total energy supply":126213,"IEA member":true},{"country":"France","region":"Europe","Total energy supply":355939,"IEA member":true},{"country":"North Macedonia","region":"Europe","Total energy supply":27729,"IEA member":false},{"country":"Gabon","region":"Africa","Total energy supply":159178,"IEA member":false},{"country":"Georgia","region":"Eurasia","Total energy supply":9395,"IEA member":false},{"country":"Germany","region":"Europe","Total energy supply":2255328,"IEA member":true},{"country":"Ghana","region":"Africa","Total energy supply":149123,"IEA member":false},{"country":"Gibraltar","region":"Europe","Total energy supply":8369,"IEA member":false},{"country":"Greece","region":"Europe","Total energy supply":71632,"IEA member":true},{"country":"Guatemala","region":"Central & South America","Total energy supply":36781,"IEA member":false},{"country":"Haiti","region":"Central & South America","Total energy supply":143755,"IEA member":false},{"country":"Honduras","region":"Central & South America","Total energy supply":753,"IEA member":false},{"country":"Hong Kong","region":"Asia Pacific","Total energy supply":152769,"IEA member":false},{"country":"Hungary","region":"Europe","Total energy supply":57543,"IEA member":true},{"country":"Iceland","region":"Europe","Total energy supply":5379,"IEA member":false},{"country":"India","region":"Asia Pacific","Total energy supply":18083530,"IEA member":false},{"country":"Indonesia","region":"Asia Pacific","Total energy supply":2986386,"IEA member":false},{"country":"Iran","region":"Middle East","Total energy supply":81012,"IEA member":false},{"country":"Iraq","region":"Middle East","Total energy supply":2190,"IEA member":false},{"country":"Ireland","region":"Europe","Total energy supply":53114,"IEA member":true},{"country":"Israel","region":"Europe","Total energy supply":158321,"IEA member":false},{"country":"Italy","region":"Europe","Total energy supply":231992,"IEA member":true},{"country":"Jamaica","region":"Central & South America","Total energy supply":2548,"IEA member":false},{"country":"Japan","region":"Asia Pacific","Total energy supply":4651285,"IEA member":true},{"country":"Jordan","region":"Middle East","Total energy supply":7092,"IEA member":false},{"country":"Kazakhstan","region":"Eurasia","Total energy supply":1445413,"IEA member":false},{"country":"Kenya","region":"Africa","Total energy supply":24873,"IEA member":false},{"country":"Korea","region":"Asia Pacific","Total energy supply":2906923,"IEA member":true},{"country":"Korea, DPR","region":"Asia Pacific","Total energy supply":542687,"IEA member":false},{"country":"Kosovo","region":"Europe","Total energy supply":65209,"IEA member":false},{"country":"Kuwait","region":"Middle East","Total energy supply":1995732,"IEA member":false},{"country":"Kyrgyzstan","region":"Eurasia","Total energy supply":44644,"IEA member":false},{"country":"Lao PDR","region":"Asia Pacific","Total energy supply":131870,"IEA member":false},{"country":"Latvia","region":"Europe","Total energy supply":776,"IEA member":false},{"country":"Lebanon","region":"Middle East","Total energy supply":4336,"IEA member":false},{"country":"Libya","region":"Africa","Total energy supply":25768,"IEA member":false},{"country":"Lithuania","region":"Europe","Total energy supply":7620,"IEA member":true},{"country":"Luxembourg","region":"Europe","Total energy supply":1650,"IEA member":true},{"country":"Madagascar","region":"Africa","Total energy supply":9164,"IEA member":false},{"country":"Malaysia","region":"Asia Pacific","Total energy supply":955106,"IEA member":false},{"country":"Mali","region":"Africa","IEA member":false},{"country":"Malta","region":"Europe","Total energy supply":611,"IEA member":false},{"country":"Mauritania","region":"Africa","IEA member":false},{"country":"Mauritius","region":"Africa","Total energy supply":19121,"IEA member":false},{"country":"Mexico","region":"North America","Total energy supply":319000,"IEA member":true},{"country":"Moldova","region":"Europe","Total energy supply":3824,"IEA member":false},{"country":"Mongolia","region":"Asia Pacific","Total energy supply":188315,"IEA member":false},{"country":"Montenegro","region":"Europe","Total energy supply":14068,"IEA member":false},{"country":"Morocco","region":"Africa","Total energy supply":293748,"IEA member":false},{"country":"Mozambique","region":"Africa","Total energy supply":269,"IEA member":false},{"country":"Myanmar","region":"Asia Pacific","Total energy supply":47026,"IEA member":false},{"country":"Namibia","region":"Africa","Total energy supply":719,"IEA member":false},{"country":"Nepal","region":"Asia Pacific","Total energy supply":58147,"IEA member":false},{"country":"Netherlands","region":"Europe","Total energy supply":234322,"IEA member":true},{"country":"New Zealand","region":"Asia Pacific","Total energy supply":63183,"IEA member":true},{"country":"Nicaragua","region":"Central & South America","Total energy supply":63651,"IEA member":false},{"country":"Niger","region":"Africa","Total energy supply":2892,"IEA member":false},{"country":"Nigeria","region":"Africa","Total energy supply":38442,"IEA member":false},{"country":"Norway","region":"Europe","Total energy supply":35173,"IEA member":true},{"country":"Oman","region":"Middle East","Total energy supply":393366,"IEA member":false},{"country":"Pakistan","region":"Asia Pacific","Total energy supply":646551,"IEA member":false},{"country":"Panama","region":"Central & South America","Total energy supply":23147,"IEA member":false},{"country":"Paraguay","region":"Central & South America","Total energy supply":23,"IEA member":false},{"country":"Peru","region":"Central & South America","Total energy supply":26558,"IEA member":false},{"country":"Philippines","region":"Asia Pacific","Total energy supply":791869,"IEA member":false},{"country":"Poland","region":"Europe","Total energy supply":1901241,"IEA member":true},{"country":"Portugal","region":"Europe","Total energy supply":8189,"IEA member":true},{"country":"Qatar","region":"Middle East","Total energy supply":269,"IEA member":false},{"country":"Romania","region":"Europe","Total energy supply":170134,"IEA member":false},{"country":"Russia","region":"Eurasia","Total energy supply":5460157,"IEA member":false},{"country":"Rwanda","region":"Africa","Total energy supply":1688,"IEA member":false},{"country":"Saudi Arabia","region":"Middle East","Total energy supply":329,"IEA member":false},{"country":"Senegal","region":"Africa","Total energy supply":21791,"IEA member":false},{"country":"Serbia","region":"Europe","Total energy supply":292052,"IEA member":false},{"country":"Singapore","region":"Asia Pacific","Total energy supply":19439,"IEA member":false},{"country":"Slovak Republic","region":"Europe","Total energy supply":118205,"IEA member":true},{"country":"Slovenia","region":"Europe","Total energy supply":39253,"IEA member":false},{"country":"South Africa","region":"Africa","Total energy supply":3759184,"IEA member":false},{"country":"South Sudan","region":"Africa","Total energy supply":8222,"IEA member":false},{"country":"Spain","region":"Europe","Total energy supply":129984,"IEA member":true},{"country":"Sri Lanka","region":"Asia Pacific","Total energy supply":78269,"IEA member":false},{"country":"Sudan","region":"Africa","Total energy supply":536101,"IEA member":false},{"country":"Suriname","region":"Central & South America","Total energy supply":984,"IEA member":false},{"country":"Eswatini","region":"Africa","Total energy supply":1770,"IEA member":false},{"country":"Sweden","region":"Europe","Total energy supply":72070,"IEA member":true},{"country":"Switzerland","region":"Europe","Total energy supply":3697,"IEA member":true},{"country":"Syria","region":"Middle East","Total energy supply":28,"IEA member":false},{"country":"Tajikistan","region":"Eurasia","Total energy supply":40498,"IEA member":false},{"country":"Tanzania","region":"Africa","Total energy supply":16242,"IEA member":false},{"country":"Thailand","region":"Asia Pacific","Total energy supply":660103,"IEA member":false},{"country":"Togo","region":"Africa","Total energy supply":126800,"IEA member":false},{"country":"Trinidad and Tobago","region":"Central & South America","Total energy supply":532,"IEA member":false},{"country":"Tunisia","region":"Africa","Total energy supply":46220,"IEA member":false},{"country":"Turkiye","region":"Europe","Total energy supply":1721196,"IEA member":true},{"country":"Turkmenistan","region":"Eurasia","Total energy supply":386,"IEA member":false},{"country":"Uganda","region":"Africa","Total energy supply":3799,"IEA member":false},{"country":"Ukraine","region":"Europe","Total energy supply":873302,"IEA member":false},{"country":"United Arab Emirates","region":"Middle East","Total energy supply":111974,"IEA member":false},{"country":"United Kingdom","region":"Europe","Total energy supply":229683,"IEA member":true},{"country":"United States","region":"North America","Total energy supply":10635146,"IEA member":true},{"country":"Uruguay","region":"Central & South America","Total energy supply":146,"IEA member":false},{"country":"Uzbekistan","region":"Eurasia","Total energy supply":108059,"IEA member":false},{"country":"Venezuela","region":"Central & South America","Total energy supply":2223,"IEA member":false},{"country":"Viet Nam","region":"Asia Pacific","Total energy supply":1956801,"IEA member":false},{"country":"Yemen","region":"Middle East","Total energy supply":2784,"IEA member":false},{"country":"Zambia","region":"Africa","Total energy supply":37412,"IEA member":false},{"country":"Zimbabwe","region":"Africa","Total energy supply":62676,"IEA member":false}]